variable,count,mean,std,min,25%,50%,75%,max,original
dummy1,1000.0,-0.0002315051529069753,0.010837666886786512,-0.0337193669239646,-0.0076777141360126755,-0.0003535385760642,0.00682555927382595,0.0377179486584999,-0.0079123827657205
dummy2,1000.0,0.0008505242511906245,0.01140167388794074,-0.0320129769299342,-0.00722032613331165,0.00091997439346245,0.008824167583338,0.039075250013937,0.0043679640121681
x1,1000.0,0.005293728689958932,3.024689367576669,-8.699250077207695,-1.9701292266587913,-0.0701307047346981,2.060370939199929,28.2048527686998,28.2048527686998
x2,1000.0,-0.2050262436732477,7.897413318458605,-22.31708820121657,-5.286230662826288,-0.43784442815750335,5.012278976125651,75.05225059331363,75.05225059331363
x3,1000.0,0.0045382914103902485,1.9406027074866108,-5.262628434969948,-1.261546184885793,-0.0071056816720886495,1.2583083187816166,17.753861005233503,17.753861005233503
